[{"name": "Fayzabad", "state": "Badakhshan", "country": "Afghanistan", "url": "/afghanistan/badakhshan/fayzabad/index.html", "type": "city", "search": "fayzabad, badakhshan, afghanistan"}, {"name": "Ghormach", "state": "Badghis", "country": "Afghanistan", "url": "/afghanistan/badghis/ghormach/index.html", "type": "city", "search": "ghormach, badghis, afghanistan"}, {"name": "Pul E Khumri", "state": "Baghlan", "country": "Afghanistan", "url": "/afghanistan/baghlan/pul-e-khumri/index.html", "type": "city", "search": "pul e khumri, baghlan, afghanistan"}, {"name": "Baghlan", "state": "Baghlan", "country": "Afghanistan", "url": "/afghanistan/baghlan/baghlan/index.html", "type": "city", "search": "baghlan, baghlan, afghanistan"}, {"name": "Nahrin", "state": "Baghlan", "country": "Afghanistan", "url": "/afghanistan/baghlan/nahrin/index.html", "type": "city", "search": "nahrin, baghlan, afghanistan"}, {"name": "Mazar E Sharif", "state": "Balkh", "country": "Afghanistan", "url": "/afghanistan/balkh/mazar-e-sharif/index.html", "type": "city", "search": "mazar e sharif, balkh, afghanistan"}, {"name": "Khulm", "state": "Balkh", "country": "Afghanistan", "url": "/afghanistan/balkh/khulm/index.html", "type": "city", "search": "khulm, balkh, afghanistan"}, {"name": "Balkh", "state": "Balkh", "country": "Afghanistan", "url": "/afghanistan/balkh/balkh/index.html", "type": "city", "search": "balkh, balkh, afghanistan"}, {"name": "Bamyan", "state": "Bamyan", "country": "Afghanistan", "url": "/afghanistan/bamyan/bamyan/index.html", "type": "city", "search": "bamyan, bamyan, afghanistan"}, {"name": "Bazar E Yakawlang", "state": "Bamyan", "country": "Afghanistan", "url": "/afghanistan/bamyan/bazar-e-yakawlang/index.html", "type": "city", "search": "bazar e yakawlang, bamyan, afghanistan"}]